/*M!999999\- enable the sandbox mode */ 
-- MariaDB dump 10.19  Distrib 10.6.22-MariaDB, for Linux (x86_64)
--
-- Host: localhost    Database: dkdfs_production
-- ------------------------------------------------------
-- Server version	10.6.22-MariaDB-cll-lve

/*!40101 SET @OLD_CHARACTER_SET_CLIENT=@@CHARACTER_SET_CLIENT */;
/*!40101 SET @OLD_CHARACTER_SET_RESULTS=@@CHARACTER_SET_RESULTS */;
/*!40101 SET @OLD_COLLATION_CONNECTION=@@COLLATION_CONNECTION */;
/*!40101 SET NAMES utf8mb4 */;
/*!40103 SET @OLD_TIME_ZONE=@@TIME_ZONE */;
/*!40103 SET TIME_ZONE='+00:00' */;
/*!40014 SET @OLD_UNIQUE_CHECKS=@@UNIQUE_CHECKS, UNIQUE_CHECKS=0 */;
/*!40014 SET @OLD_FOREIGN_KEY_CHECKS=@@FOREIGN_KEY_CHECKS, FOREIGN_KEY_CHECKS=0 */;
/*!40101 SET @OLD_SQL_MODE=@@SQL_MODE, SQL_MODE='NO_AUTO_VALUE_ON_ZERO' */;
/*!40111 SET @OLD_SQL_NOTES=@@SQL_NOTES, SQL_NOTES=0 */;

--
-- Table structure for table `ar_internal_metadata`
--

DROP TABLE IF EXISTS `ar_internal_metadata`;
/*!40101 SET @saved_cs_client     = @@character_set_client */;
/*!40101 SET character_set_client = utf8mb4 */;
CREATE TABLE `ar_internal_metadata` (
  `key` varchar(255) NOT NULL,
  `value` varchar(255) DEFAULT NULL,
  `created_at` datetime(6) NOT NULL,
  `updated_at` datetime(6) NOT NULL,
  PRIMARY KEY (`key`)
) ENGINE=InnoDB DEFAULT CHARSET=latin1 COLLATE=latin1_swedish_ci;
/*!40101 SET character_set_client = @saved_cs_client */;

--
-- Dumping data for table `ar_internal_metadata`
--

LOCK TABLES `ar_internal_metadata` WRITE;
/*!40000 ALTER TABLE `ar_internal_metadata` DISABLE KEYS */;
INSERT INTO `ar_internal_metadata` VALUES ('environment','production','2024-09-18 15:21:36.707877','2024-09-18 15:21:36.707877');
/*!40000 ALTER TABLE `ar_internal_metadata` ENABLE KEYS */;
UNLOCK TABLES;

--
-- Table structure for table `games`
--

DROP TABLE IF EXISTS `games`;
/*!40101 SET @saved_cs_client     = @@character_set_client */;
/*!40101 SET character_set_client = utf8mb4 */;
CREATE TABLE `games` (
  `id` bigint(20) NOT NULL AUTO_INCREMENT,
  `week_id` bigint(20) NOT NULL,
  `home_team_id` bigint(20) NOT NULL,
  `away_team_id` bigint(20) NOT NULL,
  `home_score` decimal(8,2) DEFAULT NULL,
  `away_score` decimal(8,2) DEFAULT NULL,
  `created_at` datetime(6) NOT NULL,
  `updated_at` datetime(6) NOT NULL,
  `processed` tinyint(1) DEFAULT NULL,
  `season` varchar(255) DEFAULT NULL,
  PRIMARY KEY (`id`),
  KEY `index_games_on_week_id` (`week_id`),
  KEY `index_games_on_home_team_id` (`home_team_id`),
  KEY `index_games_on_away_team_id` (`away_team_id`),
  CONSTRAINT `fk_rails_0b3e4ed788` FOREIGN KEY (`home_team_id`) REFERENCES `teams` (`id`),
  CONSTRAINT `fk_rails_5b075ea244` FOREIGN KEY (`away_team_id`) REFERENCES `teams` (`id`),
  CONSTRAINT `fk_rails_f4b65c79eb` FOREIGN KEY (`week_id`) REFERENCES `weeks` (`id`)
) ENGINE=InnoDB AUTO_INCREMENT=99 DEFAULT CHARSET=latin1 COLLATE=latin1_swedish_ci;
/*!40101 SET character_set_client = @saved_cs_client */;

--
-- Dumping data for table `games`
--

LOCK TABLES `games` WRITE;
/*!40000 ALTER TABLE `games` DISABLE KEYS */;
INSERT INTO `games` VALUES (1,1,11,1,125.58,165.26,'2024-09-18 15:22:51.461901','2024-09-18 15:25:52.652075',NULL,NULL),(2,1,8,14,86.92,118.26,'2024-09-18 15:22:51.466434','2024-09-18 15:25:52.693350',NULL,NULL),(3,1,7,4,127.48,165.08,'2024-09-18 15:22:51.470047','2024-09-18 15:25:52.647436',NULL,NULL),(4,1,3,5,104.68,132.68,'2024-09-18 15:22:51.473374','2024-09-18 15:25:52.662335',NULL,NULL),(5,1,10,6,155.08,85.58,'2024-09-18 15:22:51.476015','2024-09-18 15:25:52.700817',NULL,NULL),(6,1,9,12,99.28,145.98,'2024-09-18 15:22:51.478540','2024-09-18 15:25:52.686936',NULL,NULL),(7,1,2,13,145.48,101.54,'2024-09-18 15:22:51.480796','2024-09-18 15:25:52.667891',NULL,NULL),(8,2,11,8,148.68,143.94,'2024-09-18 15:22:51.485817','2024-09-18 15:26:00.337134',NULL,NULL),(9,2,1,13,127.34,121.50,'2024-09-18 15:22:51.488322','2024-09-18 15:26:00.380302',NULL,NULL),(10,2,7,14,119.84,163.92,'2024-09-18 15:22:51.490910','2024-09-18 15:26:00.388013',NULL,NULL),(11,2,3,4,133.80,122.04,'2024-09-18 15:22:51.493135','2024-09-18 15:26:00.372259',NULL,NULL),(12,2,10,5,146.74,132.44,'2024-09-18 15:22:51.495473','2024-09-18 15:26:00.354689',NULL,NULL),(13,2,9,6,117.84,96.34,'2024-09-18 15:22:51.497709','2024-09-18 15:26:00.420238',NULL,NULL),(14,2,2,12,118.24,110.44,'2024-09-18 15:22:51.500025','2024-09-18 15:26:00.411301',NULL,NULL),(15,3,11,7,137.20,83.78,'2024-09-18 15:22:51.504440','2024-09-23 13:01:54.749200',NULL,NULL),(16,3,1,8,76.08,69.38,'2024-09-18 15:22:51.506728','2024-09-23 13:01:54.759127',NULL,NULL),(17,3,3,14,99.74,103.46,'2024-09-18 15:22:51.508970','2024-09-23 13:01:54.710468',NULL,NULL),(18,3,10,4,92.28,92.04,'2024-09-18 15:22:51.511238','2024-09-23 13:01:54.737200',NULL,NULL),(19,3,9,5,84.02,102.74,'2024-09-18 15:22:51.513592','2024-09-23 13:01:54.743939',NULL,NULL),(20,3,2,6,123.18,101.28,'2024-09-18 15:22:51.516324','2024-09-23 13:01:54.700706',NULL,NULL),(21,3,12,13,100.60,93.86,'2024-09-18 15:22:51.518892','2024-09-23 13:01:54.715498',NULL,NULL),(22,4,11,3,83.62,110.88,'2024-09-18 15:22:51.523685','2024-09-30 14:34:24.308319',NULL,NULL),(23,4,1,7,96.58,113.98,'2024-09-18 15:22:51.526335','2024-09-30 14:34:24.300108',NULL,NULL),(24,4,8,13,63.98,153.28,'2024-09-18 15:22:51.529355','2024-09-30 14:34:24.315374',NULL,NULL),(25,4,10,14,136.52,118.70,'2024-09-18 15:22:51.532381','2024-09-30 14:34:24.255111',NULL,NULL),(26,4,9,4,127.08,145.22,'2024-09-18 15:22:51.535440','2024-09-30 14:34:24.237558',NULL,NULL),(27,4,2,5,98.88,146.28,'2024-09-18 15:22:51.538160','2024-09-30 14:34:24.287880',NULL,NULL),(28,4,12,6,121.62,148.18,'2024-09-18 15:22:51.541087','2024-09-30 14:34:24.245281',NULL,NULL),(29,5,11,10,82.80,138.96,'2024-09-18 15:22:51.547084','2024-10-07 18:49:43.051369',NULL,NULL),(30,5,1,3,121.36,116.36,'2024-09-18 15:22:51.549781','2024-10-07 18:49:43.033263',NULL,NULL),(31,5,8,7,102.66,131.36,'2024-09-18 15:22:51.552457','2024-10-07 18:49:43.038371',NULL,NULL),(32,5,9,14,132.16,91.96,'2024-09-18 15:22:51.555288','2024-10-07 18:49:43.045300',NULL,NULL),(33,5,2,4,134.36,131.76,'2024-09-18 15:22:51.557810','2024-10-07 18:49:42.998517',NULL,NULL),(34,5,12,5,130.06,131.46,'2024-09-18 15:22:51.560259','2024-10-07 18:49:43.019701',NULL,NULL),(35,5,6,13,136.76,146.06,'2024-09-18 15:22:51.562473','2024-10-07 18:49:42.977628',NULL,NULL),(36,6,11,9,126.72,109.72,'2024-09-18 15:22:51.567619','2024-10-14 12:32:22.343123',NULL,NULL),(37,6,1,10,119.12,134.42,'2024-09-18 15:22:51.569835','2024-10-14 12:32:22.313754',NULL,NULL),(38,6,8,3,112.06,117.62,'2024-09-18 15:22:51.571966','2024-10-14 12:32:22.328461',NULL,NULL),(39,6,7,13,121.12,108.62,'2024-09-18 15:22:51.574439','2024-10-14 12:32:22.352604',NULL,NULL),(40,6,2,14,158.72,137.82,'2024-09-18 15:22:51.577048','2024-10-14 12:32:22.276056',NULL,NULL),(41,6,12,4,122.90,170.42,'2024-09-18 15:22:51.579418','2024-10-14 12:32:22.302651',NULL,NULL),(42,6,6,5,110.82,129.42,'2024-09-18 15:22:51.581921','2024-10-14 12:32:22.335018',NULL,NULL),(43,7,11,2,97.16,116.16,'2024-09-18 15:22:51.586954','2024-10-21 00:30:55.090388',NULL,NULL),(44,7,1,9,84.26,93.88,'2024-09-18 15:22:51.589698','2024-10-21 00:30:55.129376',NULL,NULL),(45,7,8,10,119.46,106.18,'2024-09-18 15:22:51.592245','2024-10-21 00:30:55.078023',NULL,NULL),(46,7,7,3,85.16,113.08,'2024-09-18 15:22:51.595161','2024-10-21 00:30:55.122883',NULL,NULL),(47,7,12,14,95.94,82.00,'2024-09-18 15:22:51.597741','2024-10-21 00:30:55.139248',NULL,NULL),(48,7,6,4,82.28,94.64,'2024-09-18 15:22:51.600156','2024-10-21 00:30:55.134022',NULL,NULL),(49,7,5,13,97.34,93.98,'2024-09-18 15:22:51.602615','2024-10-21 00:30:55.109553',NULL,NULL),(50,8,11,12,159.58,147.06,'2024-09-18 15:22:51.607108','2024-10-28 03:01:34.811781',NULL,NULL),(51,8,1,2,106.26,149.86,'2024-09-18 15:22:51.610128','2024-10-28 03:01:34.870388',NULL,NULL),(52,8,8,9,110.62,114.84,'2024-09-18 15:22:51.612600','2024-10-28 03:01:34.865245',NULL,NULL),(53,8,7,10,125.92,147.26,'2024-09-18 15:22:51.615075','2024-10-28 03:01:34.846995',NULL,NULL),(54,8,3,13,137.66,130.84,'2024-09-18 15:22:51.617378','2024-10-28 03:01:34.841491',NULL,NULL),(55,8,6,14,95.44,103.84,'2024-09-18 15:22:51.619636','2024-10-28 03:01:34.881645',NULL,NULL),(56,8,5,4,146.74,112.28,'2024-09-18 15:22:51.622073','2024-10-28 03:01:34.860380',NULL,NULL),(57,9,11,6,140.68,171.48,'2024-09-18 15:22:51.626826','2024-11-04 13:41:29.478662',NULL,NULL),(58,9,1,12,121.92,151.04,'2024-09-18 15:22:51.629277','2024-11-04 13:41:29.483200',NULL,NULL),(59,9,8,2,102.24,165.32,'2024-09-18 15:22:51.631502','2024-11-04 13:41:29.501744',NULL,NULL),(60,9,7,9,115.08,141.40,'2024-09-18 15:22:51.633808','2024-11-04 13:41:29.488884',NULL,NULL),(61,9,3,10,177.32,164.26,'2024-09-18 15:22:51.636148','2024-11-04 13:41:29.461336',NULL,NULL),(62,9,5,14,178.40,112.66,'2024-09-18 15:22:51.638372','2024-11-04 13:41:29.495815',NULL,NULL),(63,9,4,13,215.14,100.62,'2024-09-18 15:22:51.640594','2024-11-04 13:41:29.509986',NULL,NULL),(64,10,11,5,98.96,119.82,'2024-09-18 15:22:51.645100','2024-11-11 19:06:00.916795',NULL,NULL),(65,10,1,6,125.10,102.54,'2024-09-18 15:22:51.647471','2024-11-11 19:06:00.908607',NULL,NULL),(66,10,8,12,83.84,123.16,'2024-09-18 15:22:51.650053','2024-11-11 19:06:00.954845',NULL,NULL),(67,10,7,2,87.30,97.16,'2024-09-18 15:22:51.652458','2024-11-11 19:06:00.947503',NULL,NULL),(68,10,3,9,94.68,131.44,'2024-09-18 15:22:51.654798','2024-11-11 19:06:00.930468',NULL,NULL),(69,10,10,13,116.46,0.00,'2024-09-18 15:22:51.657099','2024-11-11 19:06:00.894072',NULL,NULL),(70,10,4,14,109.42,94.54,'2024-09-18 15:22:51.659539','2024-11-11 19:06:00.938507',NULL,NULL),(71,11,11,4,109.28,111.56,'2024-09-18 15:22:51.663651','2024-11-18 01:10:08.024468',NULL,NULL),(72,11,1,5,187.10,112.56,'2024-09-18 15:22:51.665826','2024-11-18 01:10:07.994214',NULL,NULL),(73,11,8,6,0.00,143.58,'2024-09-18 15:22:51.668320','2024-11-18 01:10:07.942581',NULL,NULL),(74,11,7,12,155.46,131.70,'2024-09-18 15:22:51.670642','2024-11-18 01:10:07.954878',NULL,NULL),(75,11,3,2,111.56,111.56,'2024-09-18 15:22:51.673201','2024-11-18 01:10:08.018597',NULL,NULL),(76,11,10,9,96.20,75.02,'2024-09-18 15:22:51.676041','2024-11-18 01:10:08.049450',NULL,NULL),(77,11,14,13,99.22,85.40,'2024-09-18 15:22:51.678582','2024-11-18 01:10:08.043328',NULL,NULL),(78,12,11,14,91.06,134.58,'2024-09-18 15:22:51.683273','2024-11-25 17:54:37.055584',NULL,NULL),(79,12,1,4,137.42,129.38,'2024-09-18 15:22:51.685670','2024-11-25 17:54:37.003115',NULL,NULL),(80,12,8,5,107.18,128.48,'2024-09-18 15:22:51.688124','2024-11-25 17:54:37.042970',NULL,NULL),(81,12,7,6,80.56,108.92,'2024-09-18 15:22:51.690649','2024-11-25 17:54:37.061621',NULL,NULL),(82,12,3,12,94.66,141.66,'2024-09-18 15:22:51.692802','2024-11-25 17:54:37.048849',NULL,NULL),(83,12,10,2,123.16,154.68,'2024-09-18 15:22:51.694890','2024-11-25 17:54:37.015119',NULL,NULL),(84,12,9,13,113.02,117.78,'2024-09-18 15:22:51.697016','2024-11-25 17:54:37.028658',NULL,NULL),(85,13,11,13,135.28,76.78,'2024-09-18 15:22:51.701091','2024-12-02 14:33:12.371348',NULL,NULL),(86,13,1,14,139.10,124.36,'2024-09-18 15:22:51.703418','2024-12-02 14:33:12.345704',NULL,NULL),(87,13,8,4,148.82,130.28,'2024-09-18 15:22:51.705493','2024-12-02 14:33:12.334124',NULL,NULL),(88,13,7,5,140.92,115.08,'2024-09-18 15:22:51.707507','2024-12-02 14:33:12.358123',NULL,NULL),(89,13,3,6,128.30,136.66,'2024-09-18 15:22:51.710168','2024-12-02 14:33:12.339321',NULL,NULL),(90,13,10,12,152.68,113.48,'2024-09-18 15:22:51.712258','2024-12-02 14:33:12.364134',NULL,NULL),(91,13,9,2,0.00,116.88,'2024-09-18 15:22:51.714273','2024-12-02 14:33:12.352186',NULL,NULL),(92,14,11,1,193.68,132.54,'2024-09-18 15:22:51.718343','2024-12-09 01:57:05.079992',NULL,NULL),(93,14,8,14,216.68,185.42,'2024-09-18 15:22:51.720434','2024-12-09 01:57:05.038492',NULL,NULL),(94,14,7,4,135.82,201.68,'2024-09-18 15:22:51.722495','2024-12-09 01:57:05.074164',NULL,NULL),(95,14,3,5,162.86,202.28,'2024-09-18 15:22:51.724523','2024-12-09 01:57:05.043839',NULL,NULL),(96,14,10,6,109.26,157.18,'2024-09-18 15:22:51.726687','2024-12-09 01:57:05.084640',NULL,NULL),(97,14,9,12,147.86,193.56,'2024-09-18 15:22:51.728844','2024-12-09 01:57:05.060281',NULL,NULL),(98,14,2,13,151.62,145.76,'2024-09-18 15:22:51.730905','2024-12-09 01:57:05.068418',NULL,NULL);
/*!40000 ALTER TABLE `games` ENABLE KEYS */;
UNLOCK TABLES;

--
-- Table structure for table `schema_migrations`
--

DROP TABLE IF EXISTS `schema_migrations`;
/*!40101 SET @saved_cs_client     = @@character_set_client */;
/*!40101 SET character_set_client = utf8mb4 */;
CREATE TABLE `schema_migrations` (
  `version` varchar(255) NOT NULL,
  PRIMARY KEY (`version`)
) ENGINE=InnoDB DEFAULT CHARSET=latin1 COLLATE=latin1_swedish_ci;
/*!40101 SET character_set_client = @saved_cs_client */;

--
-- Dumping data for table `schema_migrations`
--

LOCK TABLES `schema_migrations` WRITE;
/*!40000 ALTER TABLE `schema_migrations` DISABLE KEYS */;
INSERT INTO `schema_migrations` VALUES ('20240910155204'),('20240910182939'),('20240910183013'),('20240911140748'),('20240911165952'),('20240917141303'),('20240917141322'),('20240917141608'),('20250812173409'),('20250812173811'),('20250812180530');
/*!40000 ALTER TABLE `schema_migrations` ENABLE KEYS */;
UNLOCK TABLES;

--
-- Table structure for table `team_seasons`
--

DROP TABLE IF EXISTS `team_seasons`;
/*!40101 SET @saved_cs_client     = @@character_set_client */;
/*!40101 SET character_set_client = utf8mb4 */;
CREATE TABLE `team_seasons` (
  `id` bigint(20) NOT NULL AUTO_INCREMENT,
  `team_id` bigint(20) NOT NULL,
  `season` varchar(255) DEFAULT NULL,
  `wins` int(11) DEFAULT NULL,
  `losses` int(11) DEFAULT NULL,
  `ties` int(11) DEFAULT NULL,
  `points_for` float DEFAULT NULL,
  `points_against` float DEFAULT NULL,
  `highest_week` varchar(255) DEFAULT NULL,
  `dollars_owed` float DEFAULT NULL,
  `dollars_won` float DEFAULT NULL,
  `created_at` datetime(6) NOT NULL,
  `updated_at` datetime(6) NOT NULL,
  PRIMARY KEY (`id`),
  KEY `index_team_seasons_on_team_id` (`team_id`),
  CONSTRAINT `fk_rails_3212058bc6` FOREIGN KEY (`team_id`) REFERENCES `teams` (`id`)
) ENGINE=InnoDB AUTO_INCREMENT=29 DEFAULT CHARSET=latin1 COLLATE=latin1_swedish_ci;
/*!40101 SET character_set_client = @saved_cs_client */;

--
-- Dumping data for table `team_seasons`
--

LOCK TABLES `team_seasons` WRITE;
/*!40000 ALTER TABLE `team_seasons` DISABLE KEYS */;
INSERT INTO `team_seasons` VALUES (1,1,'2024-2025',NULL,NULL,NULL,NULL,NULL,NULL,NULL,NULL,'2025-08-13 18:41:40.408836','2025-08-13 18:41:40.408836'),(2,2,'2024-2025',NULL,NULL,NULL,NULL,NULL,NULL,NULL,NULL,'2025-08-13 18:41:40.415476','2025-08-13 18:41:40.415476'),(3,3,'2024-2025',NULL,NULL,NULL,NULL,NULL,NULL,NULL,NULL,'2025-08-13 18:41:40.420781','2025-08-13 18:41:40.420781'),(4,4,'2024-2025',NULL,NULL,NULL,NULL,NULL,NULL,NULL,NULL,'2025-08-13 18:41:40.426148','2025-08-13 18:41:40.426148'),(5,5,'2024-2025',NULL,NULL,NULL,NULL,NULL,NULL,NULL,NULL,'2025-08-13 18:41:40.432427','2025-08-13 18:41:40.432427'),(6,6,'2024-2025',NULL,NULL,NULL,NULL,NULL,NULL,NULL,NULL,'2025-08-13 18:41:40.438506','2025-08-13 18:41:40.438506'),(7,7,'2024-2025',NULL,NULL,NULL,NULL,NULL,NULL,NULL,NULL,'2025-08-13 18:41:40.455025','2025-08-13 18:41:40.455025'),(8,8,'2024-2025',NULL,NULL,NULL,NULL,NULL,NULL,NULL,NULL,'2025-08-13 18:41:40.463190','2025-08-13 18:41:40.463190'),(9,9,'2024-2025',NULL,NULL,NULL,NULL,NULL,NULL,NULL,NULL,'2025-08-13 18:41:40.467798','2025-08-13 18:41:40.467798'),(10,10,'2024-2025',NULL,NULL,NULL,NULL,NULL,NULL,NULL,NULL,'2025-08-13 18:41:40.472375','2025-08-13 18:41:40.472375'),(11,11,'2024-2025',NULL,NULL,NULL,NULL,NULL,NULL,NULL,NULL,'2025-08-13 18:41:40.476614','2025-08-13 18:41:40.476614'),(12,12,'2024-2025',NULL,NULL,NULL,NULL,NULL,NULL,NULL,NULL,'2025-08-13 18:41:40.480030','2025-08-13 18:41:40.480030'),(13,13,'2024-2025',NULL,NULL,NULL,NULL,NULL,NULL,NULL,NULL,'2025-08-13 18:41:40.483425','2025-08-13 18:41:40.483425'),(14,14,'2024-2025',NULL,NULL,NULL,NULL,NULL,NULL,NULL,NULL,'2025-08-13 18:41:40.486932','2025-08-13 18:41:40.486932'),(15,1,'2025-2026',NULL,NULL,NULL,NULL,NULL,NULL,NULL,NULL,'2025-08-13 18:42:37.171596','2025-08-13 18:42:37.171596'),(16,2,'2025-2026',NULL,NULL,NULL,NULL,NULL,NULL,NULL,NULL,'2025-08-13 18:42:37.177955','2025-08-13 18:42:37.177955'),(17,3,'2025-2026',NULL,NULL,NULL,NULL,NULL,NULL,NULL,NULL,'2025-08-13 18:42:37.182600','2025-08-13 18:42:37.182600'),(18,4,'2025-2026',NULL,NULL,NULL,NULL,NULL,NULL,NULL,NULL,'2025-08-13 18:42:37.190075','2025-08-13 18:42:37.190075'),(19,5,'2025-2026',NULL,NULL,NULL,NULL,NULL,NULL,NULL,NULL,'2025-08-13 18:42:37.195313','2025-08-13 18:42:37.195313'),(20,6,'2025-2026',NULL,NULL,NULL,NULL,NULL,NULL,NULL,NULL,'2025-08-13 18:42:37.200868','2025-08-13 18:42:37.200868'),(21,7,'2025-2026',NULL,NULL,NULL,NULL,NULL,NULL,NULL,NULL,'2025-08-13 18:42:37.206903','2025-08-13 18:42:37.206903'),(22,8,'2025-2026',NULL,NULL,NULL,NULL,NULL,NULL,NULL,NULL,'2025-08-13 18:42:37.211792','2025-08-13 18:42:37.211792'),(23,9,'2025-2026',NULL,NULL,NULL,NULL,NULL,NULL,NULL,NULL,'2025-08-13 18:42:37.216016','2025-08-13 18:42:37.216016'),(24,10,'2025-2026',NULL,NULL,NULL,NULL,NULL,NULL,NULL,NULL,'2025-08-13 18:42:37.221482','2025-08-13 18:42:37.221482'),(25,11,'2025-2026',NULL,NULL,NULL,NULL,NULL,NULL,NULL,NULL,'2025-08-13 18:42:37.230380','2025-08-13 18:42:37.230380'),(26,12,'2025-2026',NULL,NULL,NULL,NULL,NULL,NULL,NULL,NULL,'2025-08-13 18:42:37.238109','2025-08-13 18:42:37.238109'),(27,13,'2025-2026',NULL,NULL,NULL,NULL,NULL,NULL,NULL,NULL,'2025-08-13 18:42:37.243565','2025-08-13 18:42:37.243565'),(28,14,'2025-2026',NULL,NULL,NULL,NULL,NULL,NULL,NULL,NULL,'2025-08-13 18:42:37.248044','2025-08-13 18:42:37.248044');
/*!40000 ALTER TABLE `team_seasons` ENABLE KEYS */;
UNLOCK TABLES;

--
-- Table structure for table `teams`
--

DROP TABLE IF EXISTS `teams`;
/*!40101 SET @saved_cs_client     = @@character_set_client */;
/*!40101 SET character_set_client = utf8mb4 */;
CREATE TABLE `teams` (
  `id` bigint(20) NOT NULL AUTO_INCREMENT,
  `name` varchar(255) DEFAULT NULL,
  `dollars_owed` decimal(8,2) DEFAULT NULL,
  `dollars_won` decimal(8,2) DEFAULT NULL,
  `wins` int(11) DEFAULT NULL,
  `losses` int(11) DEFAULT NULL,
  `ties` int(11) DEFAULT NULL,
  `points_for` decimal(8,2) DEFAULT NULL,
  `points_against` decimal(8,2) DEFAULT NULL,
  `highest_week` varchar(255) DEFAULT NULL,
  `created_at` datetime(6) NOT NULL,
  `updated_at` datetime(6) NOT NULL,
  `season` varchar(255) DEFAULT NULL,
  PRIMARY KEY (`id`)
) ENGINE=InnoDB AUTO_INCREMENT=15 DEFAULT CHARSET=latin1 COLLATE=latin1_swedish_ci;
/*!40101 SET character_set_client = @saved_cs_client */;

--
-- Dumping data for table `teams`
--

LOCK TABLES `teams` WRITE;
/*!40000 ALTER TABLE `teams` DISABLE KEYS */;
INSERT INTO `teams` VALUES (1,'BELLAMICKPRUNESSPOT1',0.00,1100.00,8,6,0,1739.44,1738.52,'187.1 (Week 11)','2024-09-18 15:22:51.387882','2024-12-30 13:57:36.732108',NULL),(2,'bigbearx40',0.00,50.00,12,1,1,1842.10,1502.56,'165.32 (Week 9)','2024-09-18 15:22:51.391969','2024-11-25 17:55:45.723496',NULL),(3,'dabrickashaw24',0.00,0.00,6,7,1,1703.20,1779.08,'177.32 (Week 9)','2024-09-18 15:22:51.394282','2024-11-04 13:41:29.602005',NULL),(4,'HAHNY0L0',0.00,500.00,8,6,0,1930.94,1693.42,'215.14 (Week 9)','2024-09-18 15:22:51.396449','2024-12-30 13:57:22.162009',NULL),(5,'hoodiesq',0.00,500.00,11,3,0,1875.72,1691.14,'202.28 (Week 14)','2024-09-18 15:22:51.398504','2025-01-06 15:30:35.513162',NULL),(6,'Jk3325',200.00,0.00,6,8,0,1677.04,1575.58,'171.48 (Week 9)','2024-09-18 15:22:51.400618','2024-11-04 13:41:29.533826',NULL),(7,'johnphil82',0.00,0.00,5,9,0,1623.78,1830.34,'155.46 (Week 11)','2024-09-18 15:22:51.402659','2025-01-06 14:42:34.427273',NULL),(8,'Joseph17carter',200.00,100.00,3,11,0,1467.78,1842.54,'216.68 (Week 14)','2024-09-18 15:22:51.404773','2024-12-09 14:29:50.096301',NULL),(9,'jvanalstyne',0.00,50.00,6,8,0,1487.56,1638.02,'147.86 (Week 14)','2024-09-18 15:22:51.407266','2024-12-09 01:57:05.193957',NULL),(10,'ksteves',0.00,50.00,10,4,0,1819.46,1553.74,'164.26 (Week 9)','2024-09-18 15:22:51.409293','2024-12-02 14:35:16.274008',NULL),(11,'nyramman',0.00,200.00,6,8,0,1730.28,1762.52,'193.68 (Week 14)','2024-09-18 15:22:51.411306','2024-12-30 13:58:39.354143',NULL),(12,'TayDigs',0.00,100.00,7,7,0,1829.20,1759.44,'193.56 (Week 14)','2024-09-18 15:22:51.413515','2024-12-30 13:58:27.074383',NULL),(13,'TomZaffino',0.00,100.00,3,11,0,1476.02,1761.02,'153.28 (Week 4)','2024-09-18 15:22:51.415804','2024-11-27 17:09:41.004415',NULL),(14,'vivduh',0.00,50.00,6,8,0,1670.74,1745.34,'185.42 (Week 14)','2024-09-18 15:22:51.418044','2025-01-06 15:14:21.784509',NULL);
/*!40000 ALTER TABLE `teams` ENABLE KEYS */;
UNLOCK TABLES;

--
-- Table structure for table `users`
--

DROP TABLE IF EXISTS `users`;
/*!40101 SET @saved_cs_client     = @@character_set_client */;
/*!40101 SET character_set_client = utf8mb4 */;
CREATE TABLE `users` (
  `id` bigint(20) NOT NULL AUTO_INCREMENT,
  `email` varchar(255) NOT NULL DEFAULT '',
  `encrypted_password` varchar(255) NOT NULL DEFAULT '',
  `reset_password_token` varchar(255) DEFAULT NULL,
  `reset_password_sent_at` datetime DEFAULT NULL,
  `remember_created_at` datetime DEFAULT NULL,
  `created_at` datetime(6) NOT NULL,
  `updated_at` datetime(6) NOT NULL,
  `admin` tinyint(1) DEFAULT NULL,
  `name` varchar(255) DEFAULT NULL,
  PRIMARY KEY (`id`),
  UNIQUE KEY `index_users_on_email` (`email`),
  UNIQUE KEY `index_users_on_reset_password_token` (`reset_password_token`)
) ENGINE=InnoDB AUTO_INCREMENT=2 DEFAULT CHARSET=latin1 COLLATE=latin1_swedish_ci;
/*!40101 SET character_set_client = @saved_cs_client */;

--
-- Dumping data for table `users`
--

LOCK TABLES `users` WRITE;
/*!40000 ALTER TABLE `users` DISABLE KEYS */;
INSERT INTO `users` VALUES (1,'cody@afsco-fence.com','$2a$12$3QmoA21mP0YwOVw9UMaf3OOzeELZcBP4MGYRh8641H4wNH0dNhPWe',NULL,NULL,NULL,'2024-09-18 15:25:00.932233','2024-09-18 15:25:12.208224',1,'dabrickashaw');
/*!40000 ALTER TABLE `users` ENABLE KEYS */;
UNLOCK TABLES;

--
-- Table structure for table `weeks`
--

DROP TABLE IF EXISTS `weeks`;
/*!40101 SET @saved_cs_client     = @@character_set_client */;
/*!40101 SET character_set_client = utf8mb4 */;
CREATE TABLE `weeks` (
  `id` bigint(20) NOT NULL AUTO_INCREMENT,
  `number` int(11) DEFAULT NULL,
  `created_at` datetime(6) NOT NULL,
  `updated_at` datetime(6) NOT NULL,
  `season` varchar(255) DEFAULT NULL,
  PRIMARY KEY (`id`)
) ENGINE=InnoDB AUTO_INCREMENT=15 DEFAULT CHARSET=latin1 COLLATE=latin1_swedish_ci;
/*!40101 SET character_set_client = @saved_cs_client */;

--
-- Dumping data for table `weeks`
--

LOCK TABLES `weeks` WRITE;
/*!40000 ALTER TABLE `weeks` DISABLE KEYS */;
INSERT INTO `weeks` VALUES (1,1,'2024-09-18 15:22:51.443258','2024-09-18 15:22:51.443258',NULL),(2,2,'2024-09-18 15:22:51.483296','2024-09-18 15:22:51.483296',NULL),(3,3,'2024-09-18 15:22:51.502186','2024-09-18 15:22:51.502186',NULL),(4,4,'2024-09-18 15:22:51.521387','2024-09-18 15:22:51.521387',NULL),(5,5,'2024-09-18 15:22:51.544593','2024-09-18 15:22:51.544593',NULL),(6,6,'2024-09-18 15:22:51.565101','2024-09-18 15:22:51.565101',NULL),(7,7,'2024-09-18 15:22:51.584409','2024-09-18 15:22:51.584409',NULL),(8,8,'2024-09-18 15:22:51.604800','2024-09-18 15:22:51.604800',NULL),(9,9,'2024-09-18 15:22:51.624413','2024-09-18 15:22:51.624413',NULL),(10,10,'2024-09-18 15:22:51.642692','2024-09-18 15:22:51.642692',NULL),(11,11,'2024-09-18 15:22:51.661598','2024-09-18 15:22:51.661598',NULL),(12,12,'2024-09-18 15:22:51.680886','2024-09-18 15:22:51.680886',NULL),(13,13,'2024-09-18 15:22:51.699044','2024-09-18 15:22:51.699044',NULL),(14,14,'2024-09-18 15:22:51.716162','2024-09-18 15:22:51.716162',NULL);
/*!40000 ALTER TABLE `weeks` ENABLE KEYS */;
UNLOCK TABLES;
/*!40103 SET TIME_ZONE=@OLD_TIME_ZONE */;

/*!40101 SET SQL_MODE=@OLD_SQL_MODE */;
/*!40014 SET FOREIGN_KEY_CHECKS=@OLD_FOREIGN_KEY_CHECKS */;
/*!40014 SET UNIQUE_CHECKS=@OLD_UNIQUE_CHECKS */;
/*!40101 SET CHARACTER_SET_CLIENT=@OLD_CHARACTER_SET_CLIENT */;
/*!40101 SET CHARACTER_SET_RESULTS=@OLD_CHARACTER_SET_RESULTS */;
/*!40101 SET COLLATION_CONNECTION=@OLD_COLLATION_CONNECTION */;
/*!40111 SET SQL_NOTES=@OLD_SQL_NOTES */;

-- Dump completed on 2025-08-13 11:46:40
